{
    "symbols": [
        "BTC",
        "ETH"
    ],
    "data": {
        "BTC": 68426.61508923018,
        "ETH": 3564.6739410786427
    }
}